﻿{"cameraMode":{"drawMode":0,"name":"Shaded","section":"Shading Mode"},"sceneLighting":true,"audioPlay":false,"sceneViewState":{"showFog":true,"showMaterialUpdate":false,"showSkybox":true,"showFlares":true,"showImageEffects":true,"showParticleSystems":true},"in2DMode":false,"pivot":{"x":2.140338897705078,"y":0.15671539306640626,"z":0.41971588134765627},"rotation":{"x":-0.026880180463194848,"y":-0.09283227473497391,"z":0.0025070691481232645,"w":-0.9953157305717468},"size":17.14730453491211,"orthographic":false}